{
    "name": "centralpark",
    "bbox": [
        40.7737818732,
        40.7800214902,
        -73.9730072021,
        -73.9647674561
    ],
    "location": [
        40.775153,
        -73.972542,
        40.779865,
        -73.966084
    ],
    "size": 1024,
    "zoom": 19,
    "crs": 4326,
    "tile_step": 4,
    "project": {
        "config": "/content/tile2net/src/tile2net/tileseg/config.py",
        "assets": {
            "weights": {
                "satellite_2021": "/content/tile2net/src/tile2net/raster/resources/assets/weights/satellite_2021.pth",
                "hrnetv2_w48_imagenet_pretrained": "/content/tile2net/src/tile2net/raster/resources/assets/weights/hrnetv2_w48_imagenet_pretrained.pth"
            }
        },
        "segmentation": "/content/output/centralpark/segmentation/centralpark/256_19_4",
        "tiles": {
            "info": "/content/output/centralpark/tiles/centralpark_256_info.json",
            "static": "/content/output/centralpark/tiles/static/nyc/256_19",
            "stitched": "/content/output/centralpark/tiles/stitched/256_19_4"
        },
        "polygons": "/content/output/centralpark/polygons",
        "network": "/content/output/centralpark/network",
        "name": "centralpark"
    },
    "debug": false,
    "output_dir": "/content/output",
    "source": "nyc",
    "year": 2024,
    "server": "https://tiles.arcgis.com/tiles/yG5s3afENB5iO9fj/arcgis/rest/services/NYC_Orthos_2024/MapServer"
}