{
    "config": "/content/tile2net/src/tile2net/tileseg/config.py",
    "assets": {
        "weights": {
            "satellite_2021": "/content/tile2net/src/tile2net/raster/resources/assets/weights/satellite_2021.pth",
            "hrnetv2_w48_imagenet_pretrained": "/content/tile2net/src/tile2net/raster/resources/assets/weights/hrnetv2_w48_imagenet_pretrained.pth"
        }
    },
    "segmentation": "/content/output/centralpark/segmentation/centralpark/256_19_4",
    "tiles": {
        "info": "/content/output/centralpark/tiles/centralpark_256_info.json",
        "static": "/content/output/centralpark/tiles/static/nyc/256_19",
        "stitched": "/content/output/centralpark/tiles/stitched/256_19_4"
    },
    "polygons": "/content/output/centralpark/polygons",
    "network": "/content/output/centralpark/network",
    "name": "centralpark"
}