{
    "config": "/content/tile2net/src/tile2net/tileseg/config.py",
    "assets": {
        "weights": {
            "satellite_2021": "/content/tile2net/src/tile2net/raster/resources/assets/weights/satellite_2021.pth",
            "hrnetv2_w48_imagenet_pretrained": "/content/tile2net/src/tile2net/raster/resources/assets/weights/hrnetv2_w48_imagenet_pretrained.pth"
        }
    },
    "segmentation": "content/output/chelsea/segmentation/chelsea/256_19_4",
    "tiles": {
        "info": "content/output/chelsea/tiles/chelsea_256_info.json",
        "static": "content/output/chelsea/tiles/static/nyc/256_19",
        "stitched": "content/output/chelsea/tiles/stitched/256_19_4"
    },
    "polygons": "content/output/chelsea/polygons",
    "network": "content/output/chelsea/network",
    "name": "chelsea"
}