{
    "name": "chelsea",
    "bbox": [
        40.7378927027,
        40.7524587599,
        -74.00390625,
        -73.9846801758
    ],
    "location": [
        40.739152,
        -74.003452,
        40.75206,
        -73.985384
    ],
    "size": 1024,
    "zoom": 19,
    "crs": 4326,
    "tile_step": 4,
    "project": {
        "config": "/content/tile2net/src/tile2net/tileseg/config.py",
        "assets": {
            "weights": {
                "satellite_2021": "/content/tile2net/src/tile2net/raster/resources/assets/weights/satellite_2021.pth",
                "hrnetv2_w48_imagenet_pretrained": "/content/tile2net/src/tile2net/raster/resources/assets/weights/hrnetv2_w48_imagenet_pretrained.pth"
            }
        },
        "segmentation": "content/output/chelsea/segmentation/chelsea/256_19_4",
        "tiles": {
            "info": "content/output/chelsea/tiles/chelsea_256_info.json",
            "static": "content/output/chelsea/tiles/static/nyc/256_19",
            "stitched": "content/output/chelsea/tiles/stitched/256_19_4"
        },
        "polygons": "content/output/chelsea/polygons",
        "network": "content/output/chelsea/network",
        "name": "chelsea"
    },
    "debug": false,
    "output_dir": "content/output",
    "source": "nyc",
    "year": 2024,
    "server": "https://tiles.arcgis.com/tiles/yG5s3afENB5iO9fj/arcgis/rest/services/NYC_Orthos_2024/MapServer"
}